,position,domestic_competition_id,value_increase,country
0,All,NL1,1.366984513970264,NLD
1,All,UKR1,1.1716705406675436,UKR
2,All,DK1,1.4231391746424888,DNK
4,All,RU1,1.2060478590019672,RUS
5,All,ES1,1.3192886411538758,ESP
6,All,FR1,1.4388024126476924,FRA
7,All,IT1,1.1612765544402115,ITA
8,All,BE1,1.2318827174113094,BEL
9,All,L1,1.3249726581804335,DEU
10,All,GR1,1.209678775500102,GRC
11,All,PO1,1.2566524860626136,PRT
12,All,TR1,1.0991011342914654,TUR
13,All,GB1,1.419895747875416,GBR
